Model,elpd_diff,se_diff
LMM vs LMM0,0.18012595062438663,0.9609115186160038
MoG vs LMM,-305.6131446378037,34.71027848710388
